{"cameraMode":{"drawMode":0,"name":"Shaded","section":"Shading Mode"},"sceneLighting":true,"audioPlay":false,"sceneViewState":{"showFog":true,"showMaterialUpdate":true,"showSkybox":true,"showFlares":true,"showImageEffects":true,"showParticleSystems":true},"in2DMode":false,"pivot":{"x":-7.773716926574707,"y":5.728092670440674,"z":-359.5865478515625},"rotation":{"x":-0.1149524673819542,"y":-0.38080960512161257,"z":0.04777725785970688,"w":-0.9162352681159973},"size":7.326848983764648,"orthographic":false}